,Series/Tournament,Season,Unnamed: 2,Winner,Margin
0,England in Australia Test Series,1876/77,,drawn,1-1 (2)
1,England in Australia Test Match,1878/79,,Australia,1-0 (1)
2,Australia in England Test Match,1880,,England,1-0 (1)
3,England in Australia Test Series,1881/82,,Australia,2-0 (4)
4,Australia in England Test Match,1882,,Australia,1-0 (1)
5,The Ashes (England in Australia),1882/83,,England,2-1 (3)
6,England in Australia Test Match,1882/83,,Australia,1-0 (1)
7,The Ashes (Australia in England),1884,,England,1-0 (3)
8,The Ashes (England in Australia),1884/85,,England,3-2 (5)
9,The Ashes (Australia in England),1886,,England,3-0 (3)
10,The Ashes (England in Australia),1886/87,,England,2-0 (2)
11,The Ashes (England in Australia),1887/88,,England,1-0 (1)
12,The Ashes (Australia in England),1888,,England,2-1 (3)
13,England in South Africa Test Series,1888/89,,England,2-0 (2)
14,The Ashes (Australia in England),1890,,England,2-0 (2)
15,England in South Africa Test Match,1891/92,,England,1-0 (1)
16,The Ashes (England in Australia),1891/92,,Australia,2-1 (3)
17,The Ashes (Australia in England),1893,,England,1-0 (3)
18,The Ashes (England in Australia),1894/95,,England,3-2 (5)
19,England in South Africa Test Series,1895/96,,England,3-0 (3)
20,The Ashes (Australia in England),1896,,England,2-1 (3)
21,The Ashes (England in Australia),1897/98,,Australia,4-1 (5)
22,England in South Africa Test Series,1898/99,,England,2-0 (2)
23,The Ashes (Australia in England),1899,,Australia,1-0 (5)
24,The Ashes (England in Australia),1901/02,,Australia,4-1 (5)
25,The Ashes (Australia in England),1902,,Australia,2-1 (5)
26,Australia in South Africa Test Series,1902/03,,Australia,2-0 (3)
27,The Ashes (England in Australia),1903/04,,England,3-2 (5)
28,The Ashes (Australia in England),1905,,England,2-0 (5)
29,England in South Africa Test Series,1905/06,,South Africa,4-1 (5)
30,South Africa in England Test Series,1907,,England,1-0 (3)
31,The Ashes (England in Australia),1907/08,,Australia,4-1 (5)
32,The Ashes (Australia in England),1909,,Australia,2-1 (5)
33,England in South Africa Test Series,1909/10,,South Africa,3-2 (5)
34,South Africa in Australia Test Series,1910/11,,Australia,4-1 (5)
35,The Ashes (England in Australia),1911/12,,England,4-1 (5)
36,Australia v South Africa Test Series (in England),1912,,Australia,2-0 (3)
37,South Africa in England Test Series,1912,,England,3-0 (3)
38,The Ashes (Australia in England),1912,,England,1-0 (3)
39,"Triangular Tournament (Australia, England, South Africa in England)",1912,,England,
40,England in South Africa Test Series,1913/14,,England,4-0 (5)
41,The Ashes (England in Australia),1920/21,,Australia,5-0 (5)
42,The Ashes (Australia in England),1921,,Australia,3-0 (5)
43,Australia in South Africa Test Series,1921/22,,Australia,1-0 (3)
44,England in South Africa Test Series,1922/23,,England,2-1 (5)
45,South Africa in England Test Series,1924,,England,3-0 (5)
46,The Ashes (England in Australia),1924/25,,Australia,4-1 (5)
47,The Ashes (Australia in England),1926,,England,1-0 (5)
48,England in South Africa Test Series,1927/28,,drawn,2-2 (5)
49,West Indies in England Test Series,1928,,England,3-0 (3)
50,The Ashes (England in Australia),1928/29,,England,4-1 (5)
51,South Africa in England Test Series,1929,,England,2-0 (5)
52,England in New Zealand Test Series,1929/30,,England,1-0 (4)
53,England in West Indies Test Series,1929/30,,drawn,1-1 (4)
54,The Ashes (Australia in England),1930,,Australia,2-1 (5)
55,England in South Africa Test Series,1930/31,,South Africa,1-0 (5)
56,West Indies in Australia Test Series,1930/31,,Australia,4-1 (5)
57,New Zealand in England Test Series,1931,,England,1-0 (3)
58,South Africa in Australia Test Series,1931/32,,Australia,5-0 (5)
59,South Africa in New Zealand Test Series,1931/32,,South Africa,2-0 (2)
60,India in England Test Match,1932,,England,1-0 (1)
61,The Ashes (England in Australia),1932/33,,England,4-1 (5)
62,England in New Zealand Test Series,1932/33,,drawn,0-0 (2)
63,West Indies in England Test Series,1933,,England,2-0 (3)
64,England in India Test Series,1933/34,,England,2-0 (3)
65,The Ashes (Australia in England),1934,,Australia,2-1 (5)
66,England in West Indies Test Series,1934/35,,West Indies,2-1 (4)
67,South Africa in England Test Series,1935,,South Africa,1-0 (5)
68,Australia in South Africa Test Series,1935/36,,Australia,4-0 (5)
69,India in England Test Series,1936,,England,2-0 (3)
70,The Ashes (England in Australia),1936/37,,Australia,3-2 (5)
71,New Zealand in England Test Series,1937,,England,1-0 (3)
72,The Ashes (Australia in England),1938,,drawn,1-1 (4)
73,England in South Africa Test Series,1938/39,,England,1-0 (5)
74,West Indies in England Test Series,1939,,England,1-0 (3)
75,Australia in New Zealand Test Match,1945/46,,Australia,1-0 (1)
76,India in England Test Series,1946,,England,1-0 (3)
77,The Ashes (England in Australia),1946/47,,Australia,3-0 (5)
78,England in New Zealand Test Match,1946/47,,drawn,0-0 (1)
79,South Africa in England Test Series,1947,,England,3-0 (5)
80,India in Australia Test Series,1947/48,,Australia,4-0 (5)
81,England in West Indies Test Series,1947/48,,West Indies,2-0 (4)
82,The Ashes (Australia in England),1948,,Australia,4-0 (5)
83,West Indies in India Test Series,1948/49,,West Indies,1-0 (5)
84,England in South Africa Test Series,1948/49,,England,2-0 (5)
85,New Zealand in England Test Series,1949,,drawn,0-0 (4)
86,Australia in South Africa Test Series,1949/50,,Australia,4-0 (5)
87,West Indies in England Test Series,1950,,West Indies,3-1 (4)
88,The Ashes (England in Australia),1950/51,,Australia,4-1 (5)
89,England in New Zealand Test Series,1950/51,,England,1-0 (2)
90,South Africa in England Test Series,1951,,England,3-1 (5)
91,West Indies in Australia Test Series,1951/52,,Australia,4-1 (5)
92,England in India Test Series,1951/52,,drawn,1-1 (5)
93,West Indies in New Zealand Test Series,1951/52,,West Indies,1-0 (2)
94,India in England Test Series,1952,,England,3-0 (4)
95,Pakistan in India Test Series,1952/53,,India,2-1 (5)
96,South Africa in Australia Test Series,1952/53,,drawn,2-2 (5)
97,South Africa in New Zealand Test Series,1952/53,,South Africa,1-0 (2)
98,India in West Indies Test Series,1952/53,,West Indies,1-0 (5)
99,The Ashes (Australia in England),1953,,England,1-0 (5)
100,New Zealand in South Africa Test Series,1953/54,,South Africa,4-0 (5)
101,England in West Indies Test Series,1953/54,,drawn,2-2 (5)
102,Pakistan in England Test Series,1954,,drawn,1-1 (4)
103,India in Pakistan Test Series,1954/55,,drawn,0-0 (5)
104,The Ashes (England in Australia),1954/55,,England,3-1 (5)
105,England in New Zealand Test Series,1954/55,,England,2-0 (2)
106,Australia in West Indies Test Series,1955,,Australia,3-0 (5)
107,South Africa in England Test Series,1955,,England,3-2 (5)
108,New Zealand in Pakistan Test Series,1955/56,,Pakistan,2-0 (3)
109,New Zealand in India Test Series,1955/56,,India,2-0 (5)
110,West Indies in New Zealand Test Series,1955/56,,West Indies,3-1 (4)
111,The Ashes (Australia in England),1956,,England,2-1 (5)
112,Australia in Pakistan Test Match,1956/57,,Pakistan,1-0 (1)
113,Australia in India Test Series,1956/57,,Australia,2-0 (3)
114,England in South Africa Test Series,1956/57,,drawn,2-2 (5)
115,West Indies in England Test Series,1957,,England,3-0 (5)
116,Australia in South Africa Test Series,1957/58,,Australia,3-0 (5)
117,Pakistan in West Indies Test Series,1957/58,,West Indies,3-1 (5)
118,New Zealand in England Test Series,1958,,England,4-0 (5)
119,West Indies in India Test Series,1958/59,,West Indies,3-0 (5)
120,The Ashes (England in Australia),1958/59,,Australia,4-0 (5)
121,England in New Zealand Test Series,1958/59,,England,1-0 (2)
122,West Indies in Pakistan Test Series,1958/59,,Pakistan,2-1 (3)
123,India in England Test Series,1959,,England,5-0 (5)
124,Australia in Pakistan Test Series,1959/60,,Australia,2-0 (3)
125,Australia in India Test Series,1959/60,,Australia,2-1 (5)
126,England in West Indies Test Series,1959/60,,England,1-0 (5)
127,South Africa in England Test Series,1960,,England,3-0 (5)
128,Pakistan in India Test Series,1960/61,,drawn,0-0 (5)
129,The Frank Worrell Trophy (West Indies in Australia),1960/61,,Australia,2-1 (5)
130,The Ashes (Australia in England),1961,,Australia,2-1 (5)
131,England in India Test Series,1961/62,,India,2-0 (5)
132,England in Pakistan Test Series,1961/62,,England,1-0 (3)
133,New Zealand in South Africa Test Series,1961/62,,drawn,2-2 (5)
134,India in West Indies Test Series,1961/62,,West Indies,5-0 (5)
135,Pakistan in England Test Series,1962,,England,4-0 (5)
136,The Ashes (England in Australia),1962/63,,drawn,1-1 (5)
137,England in New Zealand Test Series,1962/63,,England,3-0 (3)
138,The Wisden Trophy (West Indies in England),1963,,West Indies,3-1 (5)
139,South Africa in Australia Test Series,1963/64,,drawn,1-1 (5)
140,England in India Test Series,1963/64,,drawn,0-0 (5)
141,South Africa in New Zealand Test Series,1963/64,,drawn,0-0 (3)
142,The Ashes (Australia in England),1964,,Australia,1-0 (5)
143,Australia in India Test Series,1964/65,,drawn,1-1 (3)
144,Australia in Pakistan Test Match,1964/65,,drawn,0-0 (1)
145,Pakistan in Australia Test Match,1964/65,,drawn,0-0 (1)
146,Pakistan in New Zealand Test Series,1964/65,,drawn,0-0 (3)
147,England in South Africa Test Series,1964/65,,England,1-0 (5)
148,New Zealand in India Test Series,1964/65,,India,1-0 (4)
149,New Zealand in Pakistan Test Series,1964/65,,Pakistan,2-0 (3)
150,The Frank Worrell Trophy (Australia in West Indies),1964/65,,West Indies,2-1 (5)
151,New Zealand in England Test Series,1965,,England,3-0 (3)
152,South Africa in England Test Series,1965,,South Africa,1-0 (3)
153,The Ashes (England in Australia),1965/66,,drawn,1-1 (5)
154,England in New Zealand Test Series,1965/66,,drawn,0-0 (3)
155,The Wisden Trophy (West Indies in England),1966,,West Indies,3-1 (5)
156,West Indies in India Test Series,1966/67,,West Indies,2-0 (3)
157,Australia in South Africa Test Series,1966/67,,South Africa,3-1 (5)
158,India in England Test Series,1967,,England,3-0 (3)
159,Pakistan in England Test Series,1967,,England,2-0 (3)
160,India in Australia Test Series,1967/68,,Australia,4-0 (4)
161,India in New Zealand Test Series,1967/68,,India,3-1 (4)
162,The Wisden Trophy (England in West Indies),1967/68,,England,1-0 (5)
163,The Ashes (Australia in England),1968,,drawn,1-1 (5)
164,The Frank Worrell Trophy (West Indies in Australia),1968/69,,Australia,3-1 (5)
165,England in Pakistan Test Series,1968/69,,drawn,0-0 (3)
166,West Indies in New Zealand Test Series,1968/69,,drawn,1-1 (3)
167,The Wisden Trophy (West Indies in England),1969,,England,2-0 (3)
168,New Zealand in England Test Series,1969,,England,2-0 (3)
169,New Zealand in India Test Series,1969/70,,drawn,1-1 (3)
170,New Zealand in Pakistan Test Series,1969/70,,New Zealand,1-0 (3)
171,Australia in India Test Series,1969/70,,Australia,3-1 (5)
172,Australia in South Africa Test Series,1969/70,,South Africa,4-0 (4)
173,The Ashes (England in Australia),1970/71,,England,2-0 (7)
174,England in New Zealand Test Series,1970/71,,England,1-0 (2)
175,India in West Indies Test Series,1970/71,,India,1-0 (5)
176,Pakistan in England Test Series,1971,,England,1-0 (3)
177,India in England Test Series,1971,,India,1-0 (3)
178,New Zealand in West Indies Test Series,1971/72,,drawn,0-0 (5)
179,The Ashes (Australia in England),1972,,drawn,2-2 (5)
180,Pakistan in Australia Test Series,1972/73,,Australia,3-0 (3)
181,England in India Test Series,1972/73,,India,2-1 (5)
182,Pakistan in New Zealand Test Series,1972/73,,Pakistan,1-0 (3)
183,England in Pakistan Test Series,1972/73,,drawn,0-0 (3)
184,The Frank Worrell Trophy (Australia in West Indies),1972/73,,Australia,2-0 (5)
185,New Zealand in England Test Series,1973,,England,2-0 (3)
186,The Wisden Trophy (West Indies in England),1973,,West Indies,2-0 (3)
187,New Zealand in Australia Test Series,1973/74,,Australia,2-0 (3)
188,Australia in New Zealand Test Series,1973/74,,drawn,1-1 (3)
189,The Wisden Trophy (England in West Indies),1973/74,,drawn,1-1 (5)
190,India in England Test Series,1974,,England,3-0 (3)
191,Pakistan in England Test Series,1974,,drawn,0-0 (3)
192,West Indies in India Test Series,1974/75,,West Indies,3-2 (5)
193,The Ashes (England in Australia),1974/75,,Australia,4-1 (6)
194,England in New Zealand Test Series,1974/75,,England,1-0 (2)
195,West Indies in Pakistan Test Series,1974/75,,drawn,0-0 (2)
196,The Ashes (Australia in England),1975,,Australia,1-0 (4)
197,The Frank Worrell Trophy (West Indies in Australia),1975/76,,Australia,5-1 (6)
198,India in New Zealand Test Series,1975/76,,drawn,1-1 (3)
199,India in West Indies Test Series,1975/76,,West Indies,2-1 (4)
200,The Wisden Trophy (West Indies in England),1976,,West Indies,3-0 (5)
201,New Zealand in Pakistan Test Series,1976/77,,Pakistan,2-0 (3)
202,New Zealand in India Test Series,1976/77,,India,2-0 (3)
203,Pakistan in Australia Test Series,1976/77,,drawn,1-1 (3)
204,England in India Test Series,1976/77,,England,3-1 (5)
205,Australia in New Zealand Test Series,1976/77,,Australia,1-0 (2)
206,Centenary Test (England in Australia),1976/77,,Australia,
207,Pakistan in West Indies Test Series,1976/77,,West Indies,2-1 (5)
208,The Ashes (Australia in England),1977,,England,3-0 (5)
209,England in Pakistan Test Series,1977/78,,drawn,0-0 (3)
210,India in Australia Test Series,1977/78,,Australia,3-2 (5)
211,England in New Zealand Test Series,1977/78,,drawn,1-1 (3)
212,The Frank Worrell Trophy (Australia in West Indies),1977/78,,West Indies,3-1 (5)
213,Pakistan in England Test Series,1978,,England,2-0 (3)
214,New Zealand in England Test Series,1978,,England,3-0 (3)
215,India in Pakistan Test Series,1978/79,,Pakistan,2-0 (3)
216,West Indies in India Test Series,1978/79,,India,1-0 (6)
217,The Ashes (England in Australia),1978/79,,England,5-1 (6)
218,Pakistan in New Zealand Test Series,1978/79,,Pakistan,1-0 (3)
219,Pakistan in Australia Test Series,1978/79,,drawn,1-1 (2)
220,India in England Test Series,1979,,England,1-0 (4)
221,Australia in India Test Series,1979/80,,India,2-0 (6)
222,The Frank Worrell Trophy (West Indies in Australia),1979/80,,West Indies,2-0 (3)
223,Pakistan in India Test Series,1979/80,,India,2-0 (6)
224,England in Australia Test Series,1979/80,,Australia,3-0 (3)
225,Golden Jubilee Test (England in India),1979/80,,England,
226,West Indies in New Zealand Test Series,1979/80,,New Zealand,1-0 (3)
227,Australia in Pakistan Test Series,1979/80,,Pakistan,1-0 (3)
228,The Wisden Trophy (West Indies in England),1980,,West Indies,1-0 (5)
229,Centenary Test (Australia in England),1980,,drawn,
230,New Zealand in Australia Test Series,1980/81,,Australia,2-0 (3)
231,West Indies in Pakistan Test Series,1980/81,,West Indies,1-0 (4)
232,India in Australia Test Series,1980/81,,drawn,1-1 (3)
233,India in New Zealand Test Series,1980/81,,New Zealand,1-0 (3)
234,The Wisden Trophy (England in West Indies),1980/81,,West Indies,2-0 (4)
235,The Ashes (Australia in England),1981,,England,3-1 (6)
236,Pakistan in Australia Test Series,1981/82,,Australia,2-1 (3)
237,The Frank Worrell Trophy (West Indies in Australia),1981/82,,drawn,1-1 (3)
238,England in India Test Series,1981/82,,India,1-0 (6)
239,England in Sri Lanka Test Match,1981/82,,England,1-0 (1)
240,Australia in New Zealand Test Series,1981/82,,drawn,1-1 (3)
241,Sri Lanka in Pakistan Test Series,1981/82,,Pakistan,2-0 (3)
242,India in England Test Series,1982,,England,1-0 (3)
243,Pakistan in England Test Series,1982,,England,2-1 (3)
244,Sri Lanka in India Test Match,1982/83,,drawn,0-0 (1)
245,Australia in Pakistan Test Series,1982/83,,Pakistan,3-0 (3)
246,The Ashes (England in Australia),1982/83,,Australia,2-1 (5)
247,India in Pakistan Test Series,1982/83,,Pakistan,3-0 (6)
248,Sri Lanka in New Zealand Test Series,1982/83,,New Zealand,2-0 (2)
249,Australia in Sri Lanka Test Match,1982/83,,Australia,1-0 (1)
250,India in West Indies Test Series,1982/83,,West Indies,2-0 (5)
251,New Zealand in England Test Series,1983,,England,3-1 (4)
252,Pakistan in India Test Series,1983/84,,drawn,0-0 (3)
253,West Indies in India Test Series,1983/84,,West Indies,3-0 (6)
254,Pakistan in Australia Test Series,1983/84,,Australia,2-0 (5)
255,England in New Zealand Test Series,1983/84,,New Zealand,1-0 (3)
256,England in Pakistan Test Series,1983/84,,Pakistan,1-0 (3)
257,New Zealand in Sri Lanka Test Series,1983/84,,New Zealand,2-0 (3)
258,The Frank Worrell Trophy (Australia in West Indies),1983/84,,West Indies,3-0 (5)
259,The Wisden Trophy (West Indies in England),1984,,West Indies,5-0 (5)
260,Sri Lanka in England Test Match,1984,,drawn,0-0 (1)
261,India in Pakistan Test Series,1984/85,,drawn,0-0 (2)
262,New Zealand in Pakistan Test Series,1984/85,,Pakistan,2-0 (3)
263,The Frank Worrell Trophy (West Indies in Australia),1984/85,,West Indies,3-1 (5)
264,England in India Test Series,1984/85,,England,2-1 (5)
265,Pakistan in New Zealand Test Series,1984/85,,New Zealand,2-0 (3)
266,New Zealand in West Indies Test Series,1984/85,,West Indies,2-0 (4)
267,The Ashes (Australia in England),1985,,England,3-1 (6)
268,India in Sri Lanka Test Series,1985,,Sri Lanka,1-0 (3)
269,Sri Lanka in Pakistan Test Series,1985/86,,Pakistan,2-0 (3)
270,Trans-Tasman Trophy (New Zealand in Australia),1985/86,,New Zealand,2-1 (3)
271,India in Australia Test Series,1985/86,,drawn,0-0 (3)
272,Trans-Tasman Trophy (Australia in New Zealand),1985/86,,New Zealand,1-0 (3)
273,Pakistan in Sri Lanka Test Series,1985/86,,drawn,1-1 (3)
274,The Wisden Trophy (England in West Indies),1985/86,,West Indies,5-0 (5)
275,India in England Test Series,1986,,India,2-0 (3)
276,New Zealand in England Test Series,1986,,New Zealand,1-0 (3)
277,Australia in India Test Series,1986/87,,drawn,0-0 (3)
278,West Indies in Pakistan Test Series,1986/87,,drawn,1-1 (3)
279,Sri Lanka in India Test Series,1986/87,,India,2-0 (3)
280,The Ashes (England in Australia),1986/87,,England,2-1 (5)
281,West Indies in New Zealand Test Series,1986/87,,drawn,1-1 (3)
282,Pakistan in India Test Series,1986/87,,Pakistan,1-0 (5)
283,New Zealand in Sri Lanka Test Series,1987,,drawn,0-0 (1)
284,Pakistan in England Test Series,1987,,Pakistan,1-0 (5)
285,England in Pakistan Test Series,1987/88,,Pakistan,1-0 (3)
286,Trans-Tasman Trophy (New Zealand in Australia),1987/88,,Australia,1-0 (3)
287,West Indies in India Test Series,1987/88,,drawn,1-1 (4)
288,Bicentenary Test (England in Australia),1987/88,,drawn,
289,Sri Lanka in Australia Test Match,1987/88,,Australia,1-0 (1)
290,England in New Zealand Test Series,1987/88,,drawn,0-0 (3)
291,Pakistan in West Indies Test Series,1987/88,,drawn,1-1 (3)
292,The Wisden Trophy (West Indies in England),1988,,West Indies,4-0 (5)
293,Sri Lanka in England Test Match,1988,,England,1-0 (1)
294,Australia in Pakistan Test Series,1988/89,,Pakistan,1-0 (3)
295,New Zealand in India Test Series,1988/89,,India,2-1 (3)
296,The Frank Worrell Trophy (West Indies in Australia),1988/89,,West Indies,3-1 (5)
297,Pakistan in New Zealand Test Series,1988/89,,drawn,0-0 (2)
298,India in West Indies Test Series,1988/89,,West Indies,3-0 (4)
299,The Ashes (Australia in England),1989,,Australia,4-0 (6)
300,Trans-Tasman Trophy (New Zealand in Australia),1989/90,,drawn,0-0 (1)
301,India in Pakistan Test Series,1989/90,,drawn,0-0 (4)
302,Sri Lanka in Australia Test Series,1989/90,,Australia,1-0 (2)
303,Pakistan in Australia Test Series,1989/90,,Australia,1-0 (3)
304,India in New Zealand Test Series,1989/90,,New Zealand,1-0 (3)
305,Trans-Tasman Trophy (Australia in New Zealand),1989/90,,New Zealand,1-0 (1)
306,The Wisden Trophy (England in West Indies),1989/90,,West Indies,2-1 (4)
307,New Zealand in England Test Series,1990,,England,1-0 (3)
308,India in England Test Series,1990,,England,1-0 (3)
309,New Zealand in Pakistan Test Series,1990/91,,Pakistan,3-0 (3)
310,Sri Lanka in India Test Match,1990/91,,India,1-0 (1)
311,West Indies in Pakistan Test Series,1990/91,,drawn,1-1 (3)
312,The Ashes (England in Australia),1990/91,,Australia,3-0 (5)
313,Sri Lanka in New Zealand Test Series,1990/91,,drawn,0-0 (3)
314,The Frank Worrell Trophy (Australia in West Indies),1990/91,,West Indies,2-1 (5)
315,The Wisden Trophy (West Indies in England),1991,,drawn,2-2 (5)
316,Sri Lanka in England Test Match,1991,,England,1-0 (1)
317,Sri Lanka in Pakistan Test Series,1991/92,,Pakistan,1-0 (3)
318,India in Australia Test Series,1991/92,,Australia,4-0 (5)
319,England in New Zealand Test Series,1991/92,,England,2-0 (3)
320,South Africa in West Indies Test Match,1991/92,,West Indies,1-0 (1)
321,Pakistan in England Test Series,1992,,Pakistan,2-1 (5)
322,Australia in Sri Lanka Test Series,1992,,Australia,1-0 (3)
323,India in Zimbabwe Test Match,1992/93,,drawn,0-0 (1)
324,New Zealand in Zimbabwe Test Series,1992/93,,New Zealand,1-0 (2)
325,New Zealand in Sri Lanka Test Series,1992/93,,Sri Lanka,1-0 (2)
326,Pakistan in New Zealand Test Match,1992/93,,Pakistan,1-0 (1)
327,India in South Africa Test Series,1992/93,,South Africa,1-0 (4)
328,The Frank Worrell Trophy (West Indies in Australia),1992/93,,West Indies,2-1 (5)
329,England in India Test Series,1992/93,,India,3-0 (3)
330,Trans-Tasman Trophy (Australia in New Zealand),1992/93,,drawn,1-1 (3)
331,Zimbabwe in India Test Match,1992/93,,India,1-0 (1)
332,England in Sri Lanka Test Match,1992/93,,Sri Lanka,1-0 (1)
333,Pakistan in West Indies Test Series,1992/93,,West Indies,2-0 (3)
334,India in Sri Lanka Test Series,1993,,India,1-0 (3)
335,The Ashes (Australia in England),1993,,Australia,4-1 (6)
336,South Africa in Sri Lanka Test Series,1993,,South Africa,1-0 (3)
337,Trans-Tasman Trophy (New Zealand in Australia),1993/94,,Australia,2-0 (3)
338,West Indies in Sri Lanka Test Match,1993/94,,drawn,0-0 (1)
339,Zimbabwe in Pakistan Test Series,1993/94,,Pakistan,2-0 (3)
340,South Africa in Australia Test Series,1993/94,,drawn,1-1 (3)
341,Sri Lanka in India Test Series,1993/94,,India,3-0 (3)
342,Pakistan in New Zealand Test Series,1993/94,,Pakistan,2-1 (3)
343,India in New Zealand Test Match,1993/94,,drawn,0-0 (1)
344,Australia in South Africa Test Series,1993/94,,drawn,1-1 (3)
345,The Wisden Trophy (England in West Indies),1993/94,,West Indies,3-1 (5)
346,New Zealand in England Test Series,1994,,England,1-0 (3)
347,South Africa in England Test Series,1994,,drawn,1-1 (3)
348,Pakistan in Sri Lanka Test Series,1994,,Pakistan,2-0 (2)
349,Sri Lanka in Zimbabwe Test Series,1994/95,,drawn,0-0 (3)
350,Australia in Pakistan Test Series,1994/95,,Pakistan,1-0 (3)
351,West Indies in India Test Series,1994/95,,drawn,1-1 (3)
352,New Zealand in South Africa Test Series,1994/95,,South Africa,2-1 (3)
353,Pakistan in South Africa Test Match,1994/95,,South Africa,1-0 (1)
354,The Ashes (England in Australia),1994/95,,Australia,3-1 (5)
355,West Indies in New Zealand Test Series,1994/95,,West Indies,1-0 (2)
356,Pakistan in Zimbabwe Test Series,1994/95,,Pakistan,2-1 (3)
357,Centenary Test (South Africa in New Zealand),1994/95,,South Africa,
358,Sri Lanka in New Zealand Test Series,1994/95,,Sri Lanka,1-0 (2)
359,The Frank Worrell Trophy (Australia in West Indies),1994/95,,Australia,2-1 (4)
360,The Wisden Trophy (West Indies in England),1995,,drawn,2-2 (6)
361,Sri Lanka in Pakistan Test Series,1995/96,,Sri Lanka,2-1 (3)
362,South Africa in Zimbabwe Test Match,1995/96,,South Africa,1-0 (1)
363,New Zealand in India Test Series,1995/96,,India,1-0 (3)
364,Pakistan in Australia Test Series,1995/96,,Australia,2-1 (3)
365,Pakistan in New Zealand Test Match,1995/96,,Pakistan,1-0 (1)
366,England in South Africa Test Series,1995/96,,South Africa,1-0 (5)
367,Zimbabwe in New Zealand Test Series,1995/96,,drawn,0-0 (2)
368,Sri Lanka in Australia Test Series,1995/96,,Australia,3-0 (3)
369,New Zealand in West Indies Test Series,1995/96,,West Indies,1-0 (2)
370,India in England Test Series,1996,,England,1-0 (3)
371,Pakistan in England Test Series,1996,,Pakistan,2-0 (3)
372,Zimbabwe in Sri Lanka Test Series,1996,,Sri Lanka,2-0 (2)
373,Border-Gavaskar Trophy (Australia in India),1996/97,,India,1-0 (1)
374,Zimbabwe in Pakistan Test Series,1996/97,,Pakistan,1-0 (2)
375,New Zealand in Pakistan Test Series,1996/97,,drawn,1-1 (2)
376,South Africa in India Test Series,1996/97,,India,2-1 (3)
377,England in Zimbabwe Test Series,1996/97,,drawn,0-0 (2)
378,India in South Africa Test Series,1996/97,,South Africa,2-0 (3)
379,The Frank Worrell Trophy (West Indies in Australia),1996/97,,Australia,3-2 (5)
380,England in New Zealand Test Series,1996/97,,England,2-0 (3)
381,Sri Lanka in New Zealand Test Series,1996/97,,New Zealand,2-0 (2)
382,Australia in South Africa Test Series,1996/97,,Australia,2-1 (3)
383,India in West Indies Test Series,1996/97,,West Indies,1-0 (5)
384,Pakistan in Sri Lanka Test Series,1996/97,,drawn,0-0 (2)
385,Sri Lanka in West Indies Test Series,1997,,West Indies,1-0 (2)
386,India in Sri Lanka Test Series,1997,,drawn,0-0 (2)
387,The Ashes (Australia in England),1997,,Australia,3-2 (6)
388,New Zealand in Zimbabwe Test Series,1997/98,,drawn,0-0 (2)
389,South Africa in Pakistan Test Series,1997/98,,South Africa,1-0 (3)
390,Trans-Tasman Trophy (New Zealand in Australia),1997/98,,Australia,2-0 (3)
391,Sri Lanka in India Test Series,1997/98,,drawn,0-0 (3)
392,West Indies in Pakistan Test Series,1997/98,,Pakistan,3-0 (3)
393,Zimbabwe in Sri Lanka Test Series,1997/98,,Sri Lanka,2-0 (2)
394,South Africa in Australia Test Series,1997/98,,Australia,1-0 (3)
395,Zimbabwe in New Zealand Test Series,1997/98,,New Zealand,2-0 (2)
396,Pakistan in South Africa Test Series,1997/98,,drawn,1-1 (3)
397,The Wisden Trophy (England in West Indies),1997/98,,West Indies,3-1 (6)
398,Pakistan in Zimbabwe Test Series,1997/98,,Pakistan,1-0 (2)
399,Border-Gavaskar Trophy (Australia in India),1997/98,,India,2-1 (3)
400,Sri Lanka in South Africa Test Series,1997/98,,South Africa,2-0 (2)
401,New Zealand in Sri Lanka Test Series,1998,,Sri Lanka,2-1 (3)
402,South Africa in England Test Series,1998,,England,2-1 (5)
403,Sri Lanka in England Test Match,1998,,Sri Lanka,1-0 (1)
404,India in Zimbabwe Test Match,1998/99,,Zimbabwe,1-0 (1)
405,Australia in Pakistan Test Series,1998/99,,Australia,1-0 (3)
406,Zimbabwe in Pakistan Test Series,1998/99,,Zimbabwe,1-0 (3)
407,The Ashes (England in Australia),1998/99,,Australia,3-1 (5)
408,India in New Zealand Test Series,1998/99,,New Zealand,1-0 (2)
409,West Indies in South Africa Test Series,1998/99,,South Africa,5-0 (5)
410,Pakistan in India Test Series,1998/99,,drawn,1-1 (2)
411,"Asian Test Championship (India, Pakistan, Sri Lanka in Bangladesh/India/Pakistan/Sri Lanka)",1998/99,,Pakistan,
412,South Africa in New Zealand Test Series,1998/99,,South Africa,1-0 (3)
413,The Frank Worrell Trophy (Australia in West Indies),1998/99,,drawn,2-2 (4)
414,New Zealand in England Test Series,1999,,New Zealand,2-1 (4)
415,Australia in Sri Lanka Test Series,1999,,Sri Lanka,1-0 (3)
416,Southern Cross Trophy (Australia in Zimbabwe),1999/00,,Australia,1-0 (1)
417,New Zealand in India Test Series,1999/00,,India,1-0 (3)
418,South Africa v Zimbabwe Test Series (in South Africa/Zimbabwe),1999/00,,South Africa,2-0 (2)
419,Pakistan in Australia Test Series,1999/00,,Australia,3-0 (3)
420,Sri Lanka in Zimbabwe Test Series,1999/00,,Sri Lanka,1-0 (3)
421,West Indies in New Zealand Test Series,1999/00,,New Zealand,2-0 (2)
422,Border-Gavaskar Trophy (India in Australia),1999/00,,Australia,3-0 (3)
423,England in South Africa Test Series,1999/00,,South Africa,2-1 (5)
424,South Africa in India Test Series,1999/00,,South Africa,2-0 (2)
425,Sri Lanka in Pakistan Test Series,1999/00,,Sri Lanka,2-1 (3)
426,Zimbabwe in West Indies Test Series,1999/00,,West Indies,2-0 (2)
427,Trans-Tasman Trophy (Australia in New Zealand),1999/00,,Australia,3-0 (3)
428,Pakistan in West Indies Test Series,2000,,West Indies,1-0 (3)
429,Zimbabwe in England Test Series,2000,,England,1-0 (2)
430,Pakistan in Sri Lanka Test Series,2000,,Pakistan,2-0 (3)
431,South Africa in Sri Lanka Test Series,2000,,drawn,1-1 (3)
432,The Wisden Trophy (West Indies in England),2000,,England,3-1 (5)
433,New Zealand in Zimbabwe Test Series,2000/01,,New Zealand,2-0 (2)
434,India in Bangladesh Test Match,2000/01,,India,1-0 (1)
435,Zimbabwe in India Test Series,2000/01,,India,1-0 (2)
436,England in Pakistan Test Series,2000/01,,England,1-0 (3)
437,New Zealand in South Africa Test Series,2000/01,,South Africa,2-0 (3)
438,Zimbabwe in New Zealand Test Match,2000/01,,drawn,0-0 (1)
439,The Frank Worrell Trophy (West Indies in Australia),2000/01,,Australia,5-0 (5)
440,Sri Lanka in South Africa Test Series,2000/01,,South Africa,2-0 (3)
441,England in Sri Lanka Test Series,2000/01,,England,2-1 (3)
442,Border-Gavaskar Trophy (Australia in India),2000/01,,India,2-1 (3)
443,Pakistan in New Zealand Test Series,2000/01,,drawn,1-1 (3)
444,Sir Vivian Richards Trophy (South Africa in West Indies),2000/01,,South Africa,2-1 (5)
445,Bangladesh in Zimbabwe Test Series,2000/01,,Zimbabwe,2-0 (2)
446,Pakistan in England Test Series,2001,,drawn,1-1 (2)
447,India in Zimbabwe Test Series,2001,,drawn,1-1 (2)
448,Clive Lloyd Trophy (West Indies in Zimbabwe),2001,,West Indies,1-0 (2)
449,The Ashes (Australia in England),2001,,Australia,4-1 (5)
450,India in Sri Lanka Test Series,2001,,Sri Lanka,2-1 (3)
451,South Africa in Zimbabwe Test Series,2001/02,,South Africa,1-0 (2)
452,Zimbabwe in Bangladesh Test Series,2001/02,,Zimbabwe,1-0 (2)
453,India in South Africa Test Series,2001/02,,South Africa,1-0 (2)
454,West Indies in Sri Lanka Test Series,2001/02,,Sri Lanka,3-0 (3)
455,Trans-Tasman Trophy (New Zealand in Australia),2001/02,,drawn,0-0 (3)
456,England in India Test Series,2001/02,,India,1-0 (3)
457,Bangladesh in New Zealand Test Series,2001/02,,New Zealand,2-0 (2)
458,South Africa in Australia Test Series,2001/02,,Australia,3-0 (3)
459,Zimbabwe in Sri Lanka Test Series,2001/02,,Sri Lanka,3-0 (3)
460,Pakistan in Bangladesh Test Series,2001/02,,Pakistan,2-0 (2)
461,Pakistan v West Indies Test Series (in United Arab Emirates),2001/02,,Pakistan,2-0 (2)
462,Zimbabwe in India Test Series,2001/02,,India,2-0 (2)
463,"Asian Test Championship (Bangladesh, Pakistan, Sri Lanka in Pakistan/Sri Lanka)",2001/02,,Sri Lanka,
464,Australia in South Africa Test Series,2001/02,,Australia,2-1 (3)
465,England in New Zealand Test Series,2001/02,,drawn,1-1 (3)
466,New Zealand in Pakistan Test Series,2002,,Pakistan,1-0 (1)
467,India in West Indies Test Series,2002,,West Indies,2-1 (5)
468,Sri Lanka in England Test Series,2002,,England,2-0 (3)
469,New Zealand in West Indies Test Series,2002,,New Zealand,1-0 (2)
470,Bangladesh in Sri Lanka Test Series,2002,,Sri Lanka,2-0 (2)
471,India in England Test Series,2002,,drawn,1-1 (4)
472,Australia v Pakistan Test Series (in Sri Lanka/United Arab Emirates),2002/03,,Australia,3-0 (3)
473,Bangladesh in South Africa Test Series,2002/03,,South Africa,2-0 (2)
474,West Indies in India Test Series,2002/03,,India,2-0 (3)
475,Pakistan in Zimbabwe Test Series,2002/03,,Pakistan,2-0 (2)
476,Sri Lanka in South Africa Test Series,2002/03,,South Africa,2-0 (2)
477,West Indies in Bangladesh Test Series,2002/03,,West Indies,2-0 (2)
478,India in New Zealand Test Series,2002/03,,New Zealand,2-0 (2)
479,Pakistan in South Africa Test Series,2002/03,,South Africa,2-0 (2)
480,The Ashes (England in Australia),2002/03,,Australia,4-1 (5)
481,South Africa in Bangladesh Test Series,2003,,South Africa,2-0 (2)
482,New Zealand in Sri Lanka Test Series,2003,,drawn,0-0 (2)
483,The Frank Worrell Trophy (Australia in West Indies),2003,,Australia,3-1 (4)
484,Zimbabwe in England Test Series,2003,,England,2-0 (2)
485,Sri Lanka in West Indies Test Series,2003,,West Indies,1-0 (2)
486,Bangladesh in Australia Test Series,2003,,Australia,2-0 (2)
487,Bangladesh in Pakistan Test Series,2003,,Pakistan,3-0 (3)
488,South Africa in England Test Series,2003,,drawn,2-2 (5)
489,New Zealand in India Test Series,2003/04,,drawn,0-0 (2)
490,Southern Cross Trophy (Zimbabwe in Australia),2003/04,,Australia,2-0 (2)
491,South Africa in Pakistan Test Series,2003/04,,Pakistan,1-0 (2)
492,England in Bangladesh Test Series,2003/04,,England,2-0 (2)
493,Clive Lloyd Trophy (West Indies in Zimbabwe),2003/04,,West Indies,1-0 (2)
494,England in Sri Lanka Test Series,2003/04,,Sri Lanka,1-0 (3)
495,Pakistan in New Zealand Test Series,2003/04,,Pakistan,1-0 (2)
496,Border-Gavaskar Trophy (India in Australia),2003/04,,drawn,1-1 (4)
497,Sir Vivian Richards Trophy (West Indies in South Africa),2003/04,,South Africa,3-0 (4)
498,Bangladesh in Zimbabwe Test Series,2003/04,,Zimbabwe,1-0 (2)
499,Australia in Sri Lanka Test Series,2003/04,,Australia,3-0 (3)
500,South Africa in New Zealand Test Series,2003/04,,drawn,1-1 (3)
501,The Wisden Trophy (England in West Indies),2003/04,,England,3-0 (4)
502,India in Pakistan Test Series,2003/04,,India,2-1 (3)
503,Sri Lanka in Zimbabwe Test Series,2004,,Sri Lanka,2-0 (2)
504,Bangladesh in West Indies Test Series,2004,,West Indies,1-0 (2)
505,New Zealand in England Test Series,2004,,England,3-0 (3)
506,Sri Lanka in Australia Test Series,2004,,Australia,1-0 (2)
507,South Africa in Sri Lanka Test Series,2004,,Sri Lanka,1-0 (2)
508,The Wisden Trophy (West Indies in England),2004,,England,4-0 (4)
509,New Zealand in Bangladesh Test Series,2004/05,,New Zealand,2-0 (2)
510,Sri Lanka in Pakistan Test Series,2004/05,,drawn,1-1 (2)
511,Border-Gavaskar Trophy (Australia in India),2004/05,,Australia,2-1 (4)
512,Trans-Tasman Trophy (New Zealand in Australia),2004/05,,Australia,2-0 (2)
513,South Africa in India Test Series,2004/05,,India,1-0 (2)
514,India in Bangladesh Test Series,2004/05,,India,2-0 (2)
515,Pakistan in Australia Test Series,2004/05,,Australia,3-0 (3)
516,Zimbabwe in Bangladesh Test Series,2004/05,,Bangladesh,1-0 (2)
517,Basil D'Oliveira Trophy (England in South Africa),2004/05,,England,2-1 (5)
518,Zimbabwe in South Africa Test Series,2004/05,,South Africa,2-0 (2)
519,Pakistan in India Test Series,2004/05,,drawn,1-1 (3)
520,Trans-Tasman Trophy (Australia in New Zealand),2004/05,,Australia,2-0 (3)
521,Sri Lanka in New Zealand Test Series,2004/05,,New Zealand,1-0 (2)
522,Sir Vivian Richards Trophy (South Africa in West Indies),2005,,South Africa,2-0 (4)
523,Bangladesh in England Test Series,2005,,England,2-0 (2)
524,Pakistan in West Indies Test Series,2005,,drawn,1-1 (2)
525,West Indies in Sri Lanka Test Series,2005,,Sri Lanka,2-0 (2)
526,New Zealand in Zimbabwe Test Series,2005,,New Zealand,2-0 (2)
527,The Ashes (Australia in England),2005,,England,2-1 (5)
528,Bangladesh in Sri Lanka Test Series,2005,,Sri Lanka,2-0 (2)
529,India in Zimbabwe Test Series,2005,,India,2-0 (2)
530,ICC Super Series Test Match (ICC World XI in Australia),2005/06,,Australia,1-0 (1)
531,The Frank Worrell Trophy (West Indies in Australia),2005/06,,Australia,3-0 (3)
532,England in Pakistan Test Series,2005/06,,Pakistan,2-0 (3)
533,Sri Lanka in India Test Series,2005/06,,India,2-0 (3)
534,South Africa in Australia Test Series,2005/06,,Australia,2-0 (3)
535,India in Pakistan Test Series,2005/06,,Pakistan,1-0 (3)
536,Sri Lanka in Bangladesh Test Series,2005/06,,Sri Lanka,2-0 (2)
537,England in India Test Series,2005/06,,drawn,1-1 (3)
538,West Indies in New Zealand Test Series,2005/06,,New Zealand,2-0 (3)
539,Australia in South Africa Test Series,2005/06,,Australia,3-0 (3)
540,Pakistan in Sri Lanka Test Series,2005/06,,Pakistan,1-0 (2)
541,Australia in Bangladesh Test Series,2005/06,,Australia,2-0 (2)
542,New Zealand in South Africa Test Series,2005/06,,South Africa,2-0 (3)
543,Sri Lanka in England Test Series,2006,,drawn,1-1 (3)
544,India in West Indies Test Series,2006,,India,1-0 (4)
545,South Africa in Sri Lanka Test Series,2006,,Sri Lanka,2-0 (2)
546,Pakistan in England Test Series,2006,,England,3-0 (4)
547,West Indies in Pakistan Test Series,2006/07,,Pakistan,2-0 (3)
548,Sri Lanka in New Zealand Test Series,2006/07,,drawn,1-1 (2)
549,The Ashes (England in Australia),2006/07,,Australia,5-0 (5)
550,India in South Africa Test Series,2006/07,,South Africa,2-1 (3)
551,Pakistan in South Africa Test Series,2006/07,,South Africa,2-1 (3)
552,India in Bangladesh Test Series,2007,,India,1-0 (2)
553,The Wisden Trophy (West Indies in England),2007,,England,3-0 (4)
554,Bangladesh in Sri Lanka Test Series,2007,,Sri Lanka,3-0 (3)
555,Pataudi Trophy (India in England),2007,,India,1-0 (3)
556,South Africa in Pakistan Test Series,2007/08,,South Africa,1-0 (2)
557,New Zealand in South Africa Test Series,2007/08,,South Africa,2-0 (2)
558,Warne-Muralitharan Trophy (Sri Lanka in Australia),2007/08,,Australia,2-0 (2)
559,Pakistan in India Test Series,2007/08,,India,1-0 (3)
560,England in Sri Lanka Test Series,2007/08,,Sri Lanka,1-0 (3)
561,Sir Vivian Richards Trophy (West Indies in South Africa),2007/08,,South Africa,2-1 (3)
562,Bangladesh in New Zealand Test Series,2007/08,,New Zealand,2-0 (2)
563,Border-Gavaskar Trophy (India in Australia),2007/08,,Australia,2-1 (4)
564,South Africa in Bangladesh Test Series,2007/08,,South Africa,2-0 (2)
565,England in New Zealand Test Series,2007/08,,England,2-1 (3)
566,Sri Lanka in West Indies Test Series,2007/08,,drawn,1-1 (2)
567,South Africa in India Test Series,2007/08,,drawn,1-1 (3)
568,New Zealand in England Test Series,2008,,England,2-0 (3)
569,The Frank Worrell Trophy (Australia in West Indies),2008,,Australia,2-0 (3)
570,Basil D'Oliveira Trophy (South Africa in England),2008,,South Africa,2-1 (4)
571,India in Sri Lanka Test Series,2008,,Sri Lanka,2-1 (3)
572,New Zealand in Bangladesh Test Series,2008/09,,New Zealand,1-0 (2)
573,Border-Gavaskar Trophy (Australia in India),2008/09,,India,2-0 (4)
574,Bangladesh in South Africa Test Series,2008/09,,South Africa,2-0 (2)
575,Trans-Tasman Trophy (New Zealand in Australia),2008/09,,Australia,2-0 (2)
576,England in India Test Series,2008/09,,India,1-0 (2)
577,West Indies in New Zealand Test Series,2008/09,,drawn,0-0 (2)
578,Sri Lanka in Bangladesh Test Series,2008/09,,Sri Lanka,2-0 (2)
579,South Africa in Australia Test Series,2008/09,,South Africa,2-1 (3)
580,Sri Lanka in Pakistan Test Series,2008/09,,drawn,0-0 (2)
581,The Wisden Trophy (England in West Indies),2008/09,,West Indies,1-0 (5)
582,Australia in South Africa Test Series,2008/09,,Australia,2-1 (3)
583,India in New Zealand Test Series,2008/09,,India,1-0 (3)
584,The Wisden Trophy (West Indies in England),2009,,England,2-0 (2)
585,Bangladesh in West Indies Test Series,2009,,Bangladesh,2-0 (2)
586,Pakistan in Sri Lanka Test Series,2009,,Sri Lanka,2-0 (3)
587,The Ashes (Australia in England),2009,,England,2-1 (5)
588,New Zealand in Sri Lanka Test Series,2009,,Sri Lanka,2-0 (2)
589,Sri Lanka in India Test Series,2009/10,,India,2-0 (3)
590,Pakistan in New Zealand Test Series,2009/10,,drawn,1-1 (3)
591,The Frank Worrell Trophy (West Indies in Australia),2009/10,,Australia,2-0 (3)
592,Basil D'Oliveira Trophy (England in South Africa),2009/10,,drawn,1-1 (4)
593,Pakistan in Australia Test Series,2009/10,,Australia,3-0 (3)
594,India in Bangladesh Test Series,2009/10,,India,2-0 (2)
595,South Africa in India Test Series,2009/10,,drawn,1-1 (2)
596,Bangladesh in New Zealand Test Match,2009/10,,New Zealand,1-0 (1)
597,England in Bangladesh Test Series,2009/10,,England,2-0 (2)
598,Trans-Tasman Trophy (Australia in New Zealand),2009/10,,Australia,2-0 (2)
599,Bangladesh in England Test Series,2010,,England,2-0 (2)
600,Sir Vivian Richards Trophy (South Africa in West Indies),2010,,South Africa,2-0 (3)
601,"MCC Spirit of Cricket Test Series (Australia, Pakistan in England)",2010,,drawn,1-1 (2)
602,India in Sri Lanka Test Series,2010,,drawn,1-1 (3)
603,Pakistan in England Test Series,2010,,England,3-1 (4)
604,Border-Gavaskar Trophy (Australia in India),2010/11,,India,2-0 (2)
605,New Zealand in India Test Series,2010/11,,India,1-0 (3)
606,Pakistan v South Africa Test Series (in United Arab Emirates),2010/11,,drawn,0-0 (2)
607,West Indies in Sri Lanka Test Series,2010/11,,drawn,0-0 (3)
608,India in South Africa Test Series,2010/11,,drawn,1-1 (3)
609,The Ashes (England in Australia),2010/11,,England,3-1 (5)
610,Pakistan in New Zealand Test Series,2010/11,,Pakistan,1-0 (2)
611,Pakistan in West Indies Test Series,2011,,drawn,1-1 (2)
612,Sri Lanka in England Test Series,2011,,England,1-0 (3)
613,India in West Indies Test Series,2011,,India,1-0 (3)
614,Bangladesh in Zimbabwe Test Match,2011,,Zimbabwe,1-0 (1)
615,Pataudi Trophy (India in England),2011,,England,4-0 (4)
616,Pakistan in Zimbabwe Test Match,2011,,Pakistan,1-0 (1)
617,Warne-Muralitharan Trophy (Australia in Sri Lanka),2011,,Australia,1-0 (3)
618,West Indies in Bangladesh Test Series,2011/12,,West Indies,1-0 (2)
619,New Zealand in Zimbabwe Test Match,2011/12,,New Zealand,1-0 (1)
620,Pakistan v Sri Lanka Test Series (in United Arab Emirates),2011/12,,Pakistan,1-0 (3)
621,Australia in South Africa Test Series,2011/12,,drawn,1-1 (2)
622,West Indies in India Test Series,2011/12,,India,2-0 (3)
623,Trans-Tasman Trophy (New Zealand in Australia),2011/12,,drawn,1-1 (2)
624,Pakistan in Bangladesh Test Series,2011/12,,Pakistan,2-0 (2)
625,Sri Lanka in South Africa Test Series,2011/12,,South Africa,2-1 (3)
626,Border-Gavaskar Trophy (India in Australia),2011/12,,Australia,4-0 (4)
627,Zimbabwe in New Zealand Test Match,2011/12,,New Zealand,1-0 (1)
628,Pakistan v England Test Series (in United Arab Emirates),2011/12,,Pakistan,3-0 (3)
629,South Africa in New Zealand Test Series,2011/12,,South Africa,1-0 (3)
630,England in Sri Lanka Test Series,2011/12,,drawn,1-1 (2)
631,The Frank Worrell Trophy (Australia in West Indies),2011/12,,Australia,2-0 (3)
632,The Wisden Trophy (West Indies in England),2012,,England,2-0 (3)
633,Pakistan in Sri Lanka Test Series,2012,,Sri Lanka,1-0 (3)
634,New Zealand in West Indies Test Series,2012,,West Indies,2-0 (2)
635,Basil D'Oliveira Trophy (South Africa in England),2012,,South Africa,2-0 (3)
636,New Zealand in India Test Series,2012,,India,2-0 (2)
637,West Indies in Bangladesh Test Series,2012/13,,West Indies,2-0 (2)
638,New Zealand in Sri Lanka Test Series,2012/13,,drawn,1-1 (2)
639,South Africa in Australia Test Series,2012/13,,South Africa,1-0 (3)
640,England in India Test Series,2012/13,,England,2-1 (4)
641,Warne-Muralitharan Trophy (Sri Lanka in Australia),2012/13,,Australia,3-0 (3)
642,New Zealand in South Africa Test Series,2012/13,,South Africa,2-0 (2)
643,Pakistan in South Africa Test Series,2012/13,,South Africa,3-0 (3)
644,Bangladesh in Sri Lanka Test Series,2012/13,,Sri Lanka,1-0 (2)
645,Clive Lloyd Trophy (Zimbabwe in West Indies),2012/13,,West Indies,2-0 (2)
646,Border-Gavaskar Trophy (Australia in India),2012/13,,India,4-0 (4)
647,England in New Zealand Test Series,2012/13,,drawn,0-0 (3)
648,Bangladesh in Zimbabwe Test Series,2013,,drawn,1-1 (2)
649,New Zealand in England Test Series,2013,,England,2-0 (2)
650,The Ashes (Australia in England),2013,,England,3-0 (5)
651,Pakistan in Zimbabwe Test Series,2013,,drawn,1-1 (2)
652,New Zealand in Bangladesh Test Series,2013/14,,drawn,0-0 (2)
653,Pakistan v South Africa Test Series (in United Arab Emirates),2013/14,,drawn,1-1 (2)
654,West Indies in India Test Series,2013/14,,India,2-0 (2)
655,West Indies in New Zealand Test Series,2013/14,,New Zealand,2-0 (3)
656,India in South Africa Test Series,2013/14,,South Africa,1-0 (2)
657,The Ashes (England in Australia),2013/14,,Australia,5-0 (5)
658,Pakistan v Sri Lanka Test Series (in United Arab Emirates),2013/14,,drawn,1-1 (3)
659,Sri Lanka in Bangladesh Test Series,2013/14,,Sri Lanka,1-0 (2)
660,India in New Zealand Test Series,2013/14,,New Zealand,1-0 (2)
661,Australia in South Africa Test Series,2013/14,,Australia,2-1 (3)
662,Sri Lanka in England Test Series,2014,,Sri Lanka,1-0 (2)
663,New Zealand in West Indies Test Series,2014,,New Zealand,2-1 (3)
664,South Africa in Sri Lanka Test Series,2014,,South Africa,1-0 (2)
665,South Africa in Zimbabwe Test Match,2014,,South Africa,1-0 (1)
666,Pataudi Trophy (India in England),2014,,England,3-1 (5)
667,Pakistan in Sri Lanka Test Series,2014,,Sri Lanka,2-0 (2)
668,Bangladesh in West Indies Test Series,2014,,West Indies,2-0 (2)
669,Pakistan v Australia Test Series (in United Arab Emirates),2014/15,,Pakistan,2-0 (2)
670,Zimbabwe in Bangladesh Test Series,2014/15,,Bangladesh,3-0 (3)
671,Pakistan v New Zealand Test Series (in United Arab Emirates),2014/15,,drawn,1-1 (3)
672,Sir Vivian Richards Trophy (West Indies in South Africa),2014/15,,South Africa,2-0 (3)
673,Sri Lanka in New Zealand Test Series,2014/15,,New Zealand,2-0 (2)
674,Border-Gavaskar Trophy (India in Australia),2014/15,,Australia,2-0 (4)
675,The Wisden Trophy (England in West Indies),2015,,drawn,1-1 (3)
676,Pakistan in Bangladesh Test Series,2015,,Pakistan,1-0 (2)
677,New Zealand in England Test Series,2015,,drawn,1-1 (2)
678,India in Bangladesh Test Match,2015,,drawn,0-0 (1)
679,The Frank Worrell Trophy (Australia in West Indies),2015,,Australia,2-0 (2)
680,Pakistan in Sri Lanka Test Series,2015,,Pakistan,2-1 (3)
681,South Africa in Bangladesh Test Series,2015,,drawn,0-0 (2)
682,The Ashes (Australia in England),2015,,England,3-2 (5)
683,India in Sri Lanka Test Series,2015,,India,2-1 (3)
684,Sobers/Tissera Trophy (West Indies in Sri Lanka),2015/16,,Sri Lanka,2-0 (2)
685,Pakistan v England Test Series (in United Arab Emirates),2015/16,,Pakistan,2-0 (3)
686,Trans-Tasman Trophy [New Zealand in Australia],2015/16,,Australia,2-0 (3)
687,Freedom Trophy (South Africa in India),2015/16,,India,3-0 (4)
688,Sri Lanka in New Zealand Test Series,2015/16,,New Zealand,2-0 (2)
689,The Frank Worrell Trophy (West Indies in Australia),2015/16,,Australia,2-0 (3)
690,Basil D'Oliveira Trophy (England in South Africa),2015/16,,England,2-1 (4)
691,Trans-Tasman Trophy [Australia in New Zealand],2015/16,,Australia,2-0 (2)
692,Sri Lanka in England Test Series,2016,,England,2-0 (3)
693,New Zealand in Zimbabwe Test Series,2016,,New Zealand,2-0 (2)
694,Pakistan in England Test Series,2016,,drawn,2-2 (4)
695,Warne-Muralitharan Trophy (Australia in Sri Lanka),2016,,Sri Lanka,3-0 (3)
696,India in West Indies Test Series,2016,,India,2-0 (4)
697,New Zealand in South Africa Test Series,2016,,South Africa,1-0 (2)
698,New Zealand in India Test Series,2016/17,,India,3-0 (3)
699,England in Bangladesh Test Series,2016/17,,drawn,1-1 (2)
700,Pakistan v West Indies Test Series (in United Arab Emirates),2016/17,,Pakistan,2-1 (3)
701,Sri Lanka in Zimbabwe Test Series,2016/17,,Sri Lanka,2-0 (2)
702,South Africa in Australia Test Series,2016/17,,South Africa,2-1 (3)
703,Pakistan in New Zealand Test Series,2016/17,,New Zealand,2-0 (2)
704,England in India Test Series,2016/17,,India,4-0 (5)
705,Pakistan in Australia Test Series,2016/17,,Australia,3-0 (3)
706,Sri Lanka in South Africa Test Series,2016/17,,South Africa,3-0 (3)
707,Bangladesh in New Zealand Test Series,2016/17,,New Zealand,2-0 (2)
708,Bangladesh in India Test Match,2016/17,,India,1-0 (1)
709,Bangladesh in Sri Lanka Test Series,2016/17,,drawn,1-1 (2)
710,Border-Gavaskar Trophy (Australia in India),2016/17,,India,2-1 (4)
711,South Africa in New Zealand Test Series,2016/17,,South Africa,1-0 (3)
712,Pakistan in West Indies Test Series,2017,,Pakistan,2-1 (3)
713,Zimbabwe in Sri Lanka Test Match,2017,,Sri Lanka,1-0 (1)
714,Basil D'Oliveira Trophy (South Africa in England),2017,,England,3-1 (4)
715,India in Sri Lanka Test Series,2017,,India,3-0 (3)
716,Australia in Bangladesh Test Series,2017,,drawn,1-1 (2)
717,The Wisden Trophy (West Indies in England),2017,,England,2-1 (3)
718,Bangladesh in South Africa Test Series,2017/18,,South Africa,2-0 (2)
719,Pakistan v Sri Lanka Test Series (in United Arab Emirates),2017/18,,Sri Lanka,2-0 (2)
720,West Indies in Zimbabwe Test Series,2017/18,,West Indies,1-0 (2)
721,Sri Lanka in India Test Series,2017/18,,India,1-0 (3)
722,West Indies in New Zealand Test Series,2017/18,,New Zealand,2-0 (2)
723,Zimbabwe in South Africa Test Match,2017/18,,South Africa,1-0 (1)
724,The Ashes (England in Australia),2017/18,,Australia,4-0 (5)
725,Freedom Trophy (India in South Africa),2017/18,,South Africa,2-1 (3)
726,Sri Lanka in Bangladesh Test Series,2017/18,,Sri Lanka,1-0 (2)
727,Australia in South Africa Test Series,2017/18,,South Africa,3-1 (4)
728,England in New Zealand Test Series,2017/18,,New Zealand,1-0 (2)
729,Pakistan in Ireland Test Match,2018,,Pakistan,1-0 (1)
730,Pakistan in England Test Series,2018,,drawn,1-1 (2)
731,Afghanistan in India Test Match,2018,,India,1-0 (1)
732,Sobers/Tissera Trophy (Sri Lanka in West Indies),2018,,drawn,1-1 (3)
733,Bangladesh in West Indies Test Series,2018,,West Indies,2-0 (2)
734,South Africa in Sri Lanka Test Series,2018,,Sri Lanka,2-0 (2)
735,Pataudi Trophy (India in England),2018,,England,4-1 (5)
736,West Indies in India Test Series,2018/19,,India,2-0 (2)
737,Pakistan v Australia Test Series (in United Arab Emirates),2018/19,,Pakistan,1-0 (2)
738,Zimbabwe in Bangladesh Test Series,2018/19,,drawn,1-1 (2)
739,England in Sri Lanka Test Series,2018/19,,England,3-0 (3)
740,West Indies in Bangladesh Test Series,2018/19,,Bangladesh,2-0 (2)
741,Pakistan v New Zealand Test Series (in United Arab Emirates),2018/19,,New Zealand,2-1 (3)
742,Sri Lanka in New Zealand Test Series,2018/19,,New Zealand,1-0 (2)
743,Border-Gavaskar Trophy (India in Australia),2018/19,,India,2-1 (4)
744,Pakistan in South Africa Test Series,2018/19,,South Africa,3-0 (3)
745,Warne-Muralitharan Trophy (Sri Lanka in Australia),2018/19,,Australia,2-0 (2)
746,The Wisden Trophy (England in West Indies),2018/19,,West Indies,2-1 (3)
747,Sri Lanka in South Africa Test Series,2018/19,,Sri Lanka,2-0 (2)
748,Afghanistan v Ireland Test Match (in India),2018/19,,Afghanistan,1-0 (1)
749,Bangladesh in New Zealand Test Series,2018/19,,New Zealand,2-0 (2)
750,Ireland in England Test Match,2019,,England,1-0 (1)
751,New Zealand in Sri Lanka Test Series,2019,,drawn,1-1 (2)
752,India in West Indies Test Series,2019,,India,2-0 (2)
753,Afghanistan in Bangladesh Test Match,2019,,Afghanistan,1-0 (1)
754,The Ashes (Australia in England),2019,,drawn,2-2 (5)
755,Freedom Trophy (South Africa in India),2019/20,,India,3-0 (3)
756,Bangladesh in India Test Series,2019/20,,India,2-0 (2)
757,Afghanistan v West Indies Test Match (in India),2019/20,,West Indies,1-0 (1)
758,Pakistan in Australia Test Series,2019/20,,Australia,2-0 (2)
759,England in New Zealand Test Series,2019/20,,New Zealand,1-0 (2)
760,Sri Lanka in Pakistan Test Series,2019/20,,Pakistan,1-0 (2)
761,Trans-Tasman Trophy [New Zealand in Australia],2019/20,,Australia,3-0 (3)
762,Basil D'Oliveira Trophy (England in South Africa),2019/20,,England,3-1 (4)
763,Sri Lanka in Zimbabwe Test Series,2019/20,,Sri Lanka,1-0 (2)
764,Zimbabwe in Bangladesh Test Match,2019/20,,Bangladesh,1-0 (1)
765,India in New Zealand Test Series,2019/20,,New Zealand,2-0 (2)
766,England in Sri Lanka Test Series,2019/20,,-,
767,Bangladesh in Pakistan Test Series,2019/20,,Pakistan,1-0 (2)
768,Australia in Bangladesh Test Series,2020,,-,
769,The Wisden Trophy (West Indies in England),2020,,England,2-1 (3)
770,Pakistan in England Test Series,2020,,England,1-0 (3)
771,West Indies in New Zealand Test Series,2020/21,,New Zealand,2-0 (2)
772,Sri Lanka in South Africa Test Series,2020/21,,South Africa,2-0 (2)
773,Pakistan in New Zealand Test Series,2020/21,,New Zealand,2-0 (2)
774,Border-Gavaskar Trophy (India in Australia),2020/21,,India,2-1 (4)
775,England in Sri Lanka Test Series,2020/21,,England,2-0 (2)
776,South Africa in Pakistan Test Series,2020/21,,Pakistan,2-0 (2)
777,West Indies in Bangladesh Test Series,2020/21,,West Indies,2-0 (2)
778,Anthony de Mello Trophy (England in India),2020/21,,India,3-1 (4)
779,Afghanistan v Zimbabwe Test Series (in United Arab Emirates),2020/21,,drawn,1-1 (2)
780,Sri Lanka in West Indies Test Series,2020/21,,drawn,0-0 (2)
781,Bangladesh in Sri Lanka Test Series,2021,,Sri Lanka,1-0 (2)
782,Pakistan in Zimbabwe Test Series,2021,,Pakistan,2-0 (2)
783,New Zealand in England Test Series,2021,,New Zealand,1-0 (2)
784,Sir Vivian Richards Trophy (South Africa in West Indies),2021,,South Africa,2-0 (2)
785,India v New Zealand Test Match (in England),2021,,New Zealand,1-0 (1)
786,Bangladesh in Zimbabwe Test Match,2021,,Bangladesh,1-0 (1)
787,Pakistan in West Indies Test Series,2021,,drawn,1-1 (2)
788,Pataudi Trophy (India in England),2021,,India,
789,West Indies in Sri Lanka Test Series,2021/22,,Sri Lanka,2-0 (2)
790,New Zealand in India Test Series,2021/22,,India,1-0 (2)
791,Pakistan in Bangladesh Test Series,2021/22,,Pakistan,2-0 (2)
792,ICC World Test Championship,2021-2023,,-,
793,The Ashes (England in Australia),2021/22,,-,
